<?xml version="1.0" encoding="UTF-8"?>
<Configuration status="info" name="spring-boot-kafka-log" packages="com.tweetapp">
    <Appenders>
        <Kafka name="Kafka" topic="tweet-app-logs">
            <JsonLayout/>
            <Property name="bootstrap.servers">${env:KAFKAHOST}:${env:KAFKAPORT}</Property>
        </Kafka>
        <Async name="Async">
            <AppenderRef ref="Kafka"/>
        </Async>

        <Console name="stdout" target="SYSTEM_OUT">
            <PatternLayout pattern="%d{HH:mm:ss.SSS} %-5p [%-7t] %F:%L - %m%n"/>
        </Console>

    </Appenders>
    <Loggers>
        <Root level="INFO">
            <AppenderRef ref="Kafka"/>
            <AppenderRef ref="stdout"/>
        </Root>
        <Logger name="org.apache.kafka" level="WARN" />
    </Loggers>
</Configuration>